1,Toy Story (1995),01-Jan-1995,http://us.imdb.com/M/title-exact?Toy%20Story%20(1995)
4,Get Shorty (1995),01-Jan-1995,http://us.imdb.com/M/title-exact?Get%20Shorty%20(1995)
8,Babe (1995),01-Jan-1995,http://us.imdb.com/M/title-exact?Babe%20(1995)
13,Mighty Aphrodite (1995),30-Oct-1995,http://us.imdb.com/M/title-exact?Mighty%20Aphrodite%20(1995)
16,French Twist (Gazon maudit) (1995),01-Jan-1995,http://us.imdb.com/M/title-exact?Gazon%20maudit%20(1995)
17,From Dusk Till Dawn (1996),05-Feb-1996,http://us.imdb.com/M/title-exact?From%20Dusk%20Till%20Dawn%20(1996)
21,Muppet Treasure Island (1996),16-Feb-1996,http://us.imdb.com/M/title-exact?Muppet%20Treasure%20Island%20(1996)
25,Birdcage\, The (1996),08-Mar-1996,http://us.imdb.com/M/title-exact?Birdcage\,%20The%20(1996)
26,Brothers McMullen\, The (1995),01-Jan-1995,http://us.imdb.com/M/title-exact?Brothers%20McMullen\,%20The%20(1995)
29,Batman Forever (1995),01-Jan-1995,http://us.imdb.com/M/title-exact?Batman%20Forever%20(1995)
34,Doom Generation\, The (1995),01-Jan-1995,http://us.imdb.com/M/title-exact?Doom%20Generation\,%20The%20(1995)
40,To Wong Foo\, Thanks for Everything! Julie Newmar (1995),01-Jan-1995,http://us.imdb.com/M/title-exact?To%20Wong%20Foo\,%20Thanks%20for%20Everything!%20Julie%20Newmar%20(1995)
41,Billy Madison (1995),01-Jan-1995,http://us.imdb.com/M/title-exact?Billy%20Madison%20(1995)
42,Clerks (1994),01-Jan-1994,http://us.imdb.com/M/title-exact?Clerks%20(1994)
45,Eat Drink Man Woman (1994),01-Jan-1994,http://us.imdb.com/M/title-exact?Yinshi%20Nan%20Nu%20(1994)
47,Ed Wood (1994),01-Jan-1994,http://us.imdb.com/M/title-exact?Ed%20Wood%20(1994)
49,I.Q. (1994),01-Jan-1994,http://us.imdb.com/M/title-exact?I.Q.%20(1994)
63,Santa Clause\, The (1994),01-Jan-1994,http://us.imdb.com/M/title-exact?Santa%20Clause\,%20The%20(1994)
65,What's Eating Gilbert Grape (1993),01-Jan-1993,http://us.imdb.com/M/title-exact?What's%20Eating%20Gilbert%20Grape%20(1993)
66,While You Were Sleeping (1995),01-Jan-1995,http://us.imdb.com/M/title-exact?While%20You%20Were%20Sleeping%20(1995)
67,Ace Ventura: Pet Detective (1994),01-Jan-1994,http://us.imdb.com/M/title-exact?Ace%20Ventura:%20Pet%20Detective%20(1994)
69,Forrest Gump (1994),01-Jan-1994,http://us.imdb.com/M/title-exact?Forrest%20Gump%20(1994)
70,Four Weddings and a Funeral (1994),01-Jan-1994,http://us.imdb.com/M/title-exact?Four%20Weddings%20and%20a%20Funeral%20(1994)
72,Mask\, The (1994),01-Jan-1994,http://us.imdb.com/M/title-exact?Mask\,%20The%20(1994)
73,Maverick (1994),01-Jan-1994,http://us.imdb.com/M/title-exact?Maverick%20(1994)
74,Faster Pussycat! Kill! Kill! (1965),01-Jan-1965,http://us.imdb.com/M/title-exact?Faster%20Pussycat!%20Kill!%20Kill!%20(1965)
80,Hot Shots! Part Deux (1993),01-Jan-1993,http://us.imdb.com/M/title-exact?Hot%20Shots!%20Part%20Deux%20(1993)
81,Hudsucker Proxy\, The (1994),01-Jan-1994,http://us.imdb.com/M/title-exact?Hudsucker%20Proxy\,%20The%20(1994)
83,Much Ado About Nothing (1993),01-Jan-1993,http://us.imdb.com/M/title-exact?Much%20Ado%20About%20Nothing%20(1993)
85,Ref\, The (1994),01-Jan-1994,http://us.imdb.com/M/title-exact?Ref\,%20The%20(1994)
88,Sleepless in Seattle (1993),01-Jan-1993,http://us.imdb.com/M/title-exact?Sleepless%20in%20Seattle%20(1993)
90,So I Married an Axe Murderer (1993),01-Jan-1993,http://us.imdb.com/M/title-exact?So%20I%20Married%20an%20Axe%20Murderer%20(1993)
91,Nightmare Before Christmas\, The (1993),01-Jan-1993,http://us.imdb.com/M/title-exact?Nightmare%20Before%20Christmas\,%20The%20(1993)
93,Welcome to the Dollhouse (1995),24-May-1996,http://us.imdb.com/Title?Welcome+to+the+Dollhouse+(1995)
94,Home Alone (1990),01-Jan-1990,http://us.imdb.com/M/title-exact?Home%20Alone%20(1990)
95,Aladdin (1992),01-Jan-1992,http://us.imdb.com/M/title-exact?Aladdin%20(1992)
104,Theodore Rex (1995),29-Mar-1996,http://us.imdb.com/M/title-exact?Theodore%20Rex%20(1995)
105,Sgt. Bilko (1996),29-Mar-1996,http://us.imdb.com/M/title-exact?Sgt.%20Bilko%20(1996)
108,Kids in the Hall: Brain Candy (1996),12-Apr-1996,http://us.imdb.com/M/title-exact?Kids%20in%20the%20Hall:%20Brain%20Candy%20(1996)
109,Mystery Science Theater 3000: The Movie (1996),19-Apr-1996,http://us.imdb.com/M/title-exact?Mystery%20Science%20Theater%203000:%20The%20Movie%20(1996)
110,Operation Dumbo Drop (1995),01-Jan-1995,http://us.imdb.com/M/title-exact?Operation%20Dumbo%20Drop%20(1995)
111,Truth About Cats & Dogs\, The (1996),26-Apr-1996,http://us.imdb.com/M/title-exact?Truth%20About%20Cats%20&%20Dogs\,%20The%20(1996)
116,Cold Comfort Farm (1995),23-Apr-1996,http://us.imdb.com/M/title-exact?Cold%20Comfort%20Farm%20(1995)%20(TV)
120,Striptease (1996),28-Jun-1996,http://us.imdb.com/M/title-exact?Striptease%20(1996)
122,Cable Guy\, The (1996),14-Jun-1996,http://us.imdb.com/M/title-exact?Cable%20Guy\,%20The%20(1996)
123,Frighteners\, The (1996),19-Jul-1996,http://us.imdb.com/M/title-exact?Frighteners\,%20The%20(1996)
138,D3: The Mighty Ducks (1996),04-Oct-1996,http://us.imdb.com/M/title-exact?D3:%20The%20Mighty%20Ducks%20(1996)
139,Love Bug\, The (1969),01-Jan-1969,http://us.imdb.com/M/title-exact?Love%20Bug\,%20The%20(1969)
150,Swingers (1996),18-Oct-1996,http://us.imdb.com/M/title-exact?Swingers%20(1996)
151,Willy Wonka and the Chocolate Factory (1971),01-Jan-1971,http://us.imdb.com/M/title-exact?Willy%20Wonka%20and%20the%20Chocolate%20Factory%20(1971)
152,Sleeper (1973),01-Jan-1973,http://us.imdb.com/M/title-exact?Sleeper%20(1973)
153,Fish Called Wanda\, A (1988),01-Jan-1988,http://us.imdb.com/M/title-exact?Fish%20Called%20Wanda\,%20A%20(1988)
154,Monty Python's Life of Brian (1979),01-Jan-1979,http://us.imdb.com/M/title-exact?Life%20of%20Brian%20(1979)
158,Weekend at Bernie's (1989),01-Jan-1989,http://us.imdb.com/M/title-exact?Weekend%20at%20Bernie's%20(1989)
163,Return of the Pink Panther\, The (1974),01-Jan-1974,http://us.imdb.com/M/title-exact?Return%20of%20the%20Pink%20Panther\,%20The%20(1974)
167,Private Benjamin (1980),01-Jan-1980,http://us.imdb.com/M/title-exact?Private%20Benjamin%20(1980)
168,Monty Python and the Holy Grail (1974),01-Jan-1974,http://us.imdb.com/M/title-exact?Monty%20Python%20and%20the%20Holy%20Grail%20(1974)
169,Wrong Trousers\, The (1993),01-Jan-1993,http://us.imdb.com/M/title-exact?Wrong%20Trousers\,%20The%20(1993)
170,Cinema Paradiso (1988),01-Jan-1988,http://us.imdb.com/M/title-exact?Nuovo%20cinema%20Paradiso%20(1988)
171,Delicatessen (1991),01-Jan-1991,http://us.imdb.com/M/title-exact?Delicatessen%20(1991)
173,Princess Bride\, The (1987),01-Jan-1987,http://us.imdb.com/M/title-exact?Princess%20Bride\,%20The%20(1987)
184,Army of Darkness (1993),01-Jan-1993,http://us.imdb.com/M/title-exact?Army%20of%20Darkness%20(1993)
186,Blues Brothers\, The (1980),01-Jan-1980,http://us.imdb.com/M/title-exact?Blues%20Brothers\,%20The%20(1980)
189,Grand Day Out\, A (1992),01-Jan-1992,http://us.imdb.com/M/title-exact?Grand%20Day%20Out\,%20A%20(1992)
194,Sting\, The (1973),01-Jan-1973,http://us.imdb.com/M/title-exact?Sting\,%20The%20(1973)
201,Evil Dead II (1987),01-Jan-1987,http://us.imdb.com/M/title-exact?Evil%20Dead%20II%20(1987)
202,Groundhog Day (1993),01-Jan-1993,http://us.imdb.com/M/title-exact?Groundhog%20Day%20(1993)
204,Back to the Future (1985),01-Jan-1985,http://us.imdb.com/M/title-exact?Back%20to%20the%20Future%20(1985)
208,Young Frankenstein (1974),01-Jan-1974,http://us.imdb.com/M/title-exact?Young%20Frankenstein%20(1974)
209,This Is Spinal Tap (1984),01-Jan-1984,http://us.imdb.com/M/title-exact?This%20Is%20Spinal%20Tap%20(1984)
211,M*A*S*H (1970),01-Jan-1970,http://us.imdb.com/M/title-exact?MASH%20(1970)
216,When Harry Met Sally... (1989),01-Jan-1989,http://us.imdb.com/M/title-exact?When%20Harry%20Met%20Sally...%20(1989)
220,Mirror Has Two Faces\, The (1996),15-Nov-1996,http://us.imdb.com/M/title-exact?Mirror%20Has%20Two%20Faces\,%20The%20(1996)
225,101 Dalmatians (1996),27-Nov-1996,http://us.imdb.com/M/title-exact?101%20Dalmatians%20(1996)
231,Batman Returns (1992),01-Jan-1992,http://us.imdb.com/M/title-exact?Batman%20Returns%20(1992)
232,Young Guns (1988),01-Jan-1988,http://us.imdb.com/M/title-exact?Young%20Guns%20(1988)
235,Mars Attacks! (1996),13-Dec-1996,http://us.imdb.com/M/title-exact?Mars%20Attacks!%20(1996)
236,Citizen Ruth (1996),13-Dec-1996,http://us.imdb.com/M/title-exact?Citizen%20Ruth%20(1996)
238,Raising Arizona (1987),01-Jan-1987,http://us.imdb.com/M/title-exact?Raising%20Arizona%20(1987)
240,Beavis and Butt-head Do America (1996),20-Dec-1996,http://us.imdb.com/M/title-exact?Beavis%20and%20Butt-head%20Do%20America%20(1996)
242,Kolya (1996),24-Jan-1997,http://us.imdb.com/M/title-exact?Kolya%20(1996)
243,Jungle2Jungle (1997),07-Mar-1997,http://us.imdb.com/M/title-exact?Jungle2Jungle%20(1997)
248,Grosse Pointe Blank (1997),11-Apr-1997,http://us.imdb.com/M/title-exact?Grosse%20Pointe%20Blank%20%281997%29
249,Austin Powers: International Man of Mystery (1997),02-May-1997,http://us.imdb.com/M/title-exact?Austin%20Powers%3A%20International%20Man%20of%20Mystery%20%281997%29
251,Shall We Dance? (1996),11-Jul-1997,http://us.imdb.com/M/title-exact?Shall%20we%20DANSU%3F%20%281996%29
255,My Best Friend's Wedding (1997),20-Jun-1997,http://us.imdb.com/M/title-exact?My+Best+Friend%27s+Wedding+(1997)
256,When the Cats Away (Chacun cherche son chat) (1996),20-Jun-1997,http://us.imdb.com/M/title-exact?Chacun+cherche+son+chat+(1996)
257,Men in Black (1997),04-Jul-1997,http://us.imdb.com/M/title-exact?Men+in+Black+(1997)
259,George of the Jungle (1997),01-Jan-1997,http://us.imdb.com/M/title-exact?George+of+the+Jungle+(1997)
261,Air Bud (1997),01-Aug-1997,http://us.imdb.com/M/title-exact?Air+Bud+(1997)
269,Full Monty\, The (1997),01-Jan-1997,http://us.imdb.com/M/title-exact?Full+Monty%2C+The+(1997)
274,Sabrina (1995),01-Jan-1995,http://us.imdb.com/M/title-exact?Sabrina%20(1995)
284,Tin Cup (1996),16-Aug-1996,http://us.imdb.com/M/title-exact?Tin%20Cup%20(1996)
290,Fierce Creatures (1997),10-Jan-1997,http://us.imdb.com/M/title-exact?Fierce%20Creatures%20(1997)
294,Liar Liar (1997),21-Mar-1997,http://us.imdb.com/Title?Liar+Liar+(1997)
301,In & Out (1997),19-Sep-1997,http://us.imdb.com/Title?In+%26+Out+(1997)
312,Midnight in the Garden of Good and Evil (1997),01-Jan-1997,http://us.imdb.com/M/title-exact?Midnight+in+the+Garden+of+Good+and+Evil+(1997)
316,As Good As It Gets (1997),23-Dec-1997,http://us.imdb.com/Title?As+Good+As+It+Gets+(1997)
319,Everyone Says I Love You (1996),06-Dec-1996,http://us.imdb.com/M/title-exact?Everyone%20Says%20I%20Love%20You%20(1996)
321,Mother (1996),25-Dec-1996,http://us.imdb.com/M/title-exact?Mother%20(1996/I)
335,How to Be a Player (1997),01-Jan-1997,http://us.imdb.com/M/title-exact?How+to+Be+a+Player+(1997)
337,House of Yes\, The (1997),01-Jan-1997,http://us.imdb.com/M/title-exact?House+of+Yes\,+The+(1997)
338,Bean (1997),01-Jan-1997,http://us.imdb.com/M/title-exact?Bean+(1997)
341,Critical Care (1997),01-Jan-1997,http://us.imdb.com/M/title-exact?Critical+Care+(1997)
342,Man Who Knew Too Little\, The (1997),01-Jan-1997,http://us.imdb.com/M/title-exact?Man+Who+Knew+Too+Little%2C+The+(1997)
345,Deconstructing Harry (1997),01-Jan-1997,http://us.imdb.com/M/title-exact?imdb-title-118954
347,Wag the Dog (1997),09-Jan-1998,http://us.imdb.com/M/title-exact?imdb-title-120885
352,Spice World (1997),01-Jan-1997,http://us.imdb.com/M/title-exact?imdb-title-120185
354,Wedding Singer\, The (1998),13-Feb-1998,http://us.imdb.com/M/title-exact?Wedding+Singer%2C+The+(1998)
362,Blues Brothers 2000 (1998),06-Feb-1998,http://us.imdb.com/M/title-exact?Blues+Brothers+2000+(1998)
364,Ace Ventura: When Nature Calls (1995),01-Jan-1995,http://us.imdb.com/M/title-exact?Ace%20Ventura:%20When%20Nature%20Calls%20(1995)
367,Clueless (1995),01-Jan-1995,http://us.imdb.com/M/title-exact?Clueless%20(1995)
368,Bio-Dome (1996),01-Jan-1996,http://us.imdb.com/M/title-exact?Bio-Dome%20(1996)
369,Black Sheep (1996),02-Feb-1996,http://us.imdb.com/M/title-exact?Black%20Sheep%20(1996)
372,Jeffrey (1995),01-Jan-1995,http://us.imdb.com/M/title-exact?Jeffrey%20(1995)
376,Houseguest (1994),01-Jan-1994,http://us.imdb.com/M/title-exact?Houseguest%20(1994)
377,Heavyweights (1994),01-Jan-1994,http://us.imdb.com/M/title-exact?Heavyweights%20(1994)
381,Muriel's Wedding (1994),01-Jan-1994,http://us.imdb.com/M/title-exact?Muriel's%20Wedding%20(1994)
382,Adventures of Priscilla\, Queen of the Desert\, The (1994),01-Jan-1994,http://us.imdb.com/M/title-exact?Adventures%20of%20Priscilla\,%20Queen%20of%20the%20Desert\,%20The%20(1994)
383,Flintstones\, The (1994),01-Jan-1994,http://us.imdb.com/M/title-exact?Flintstones\,%20The%20(1994)
384,Naked Gun 33 1/3: The Final Insult (1994),01-Jan-1994,http://us.imdb.com/M/title-exact?Naked%20Gun%2033%201/3:%20The%20Final%20Insult%20(1994)
385,True Lies (1994),01-Jan-1994,http://us.imdb.com/M/title-exact?True%20Lies%20(1994)
386,Addams Family Values (1993),01-Jan-1993,http://us.imdb.com/M/title-exact?Addams%20Family%20Values%20(1993)
388,Beverly Hills Cop III (1994),01-Jan-1994,http://us.imdb.com/M/title-exact?Beverly%20Hills%20Cop%20III%20(1994)
390,Fear of a Black Hat (1993),01-Jan-1993,http://us.imdb.com/M/title-exact?Fear%20of%20a%20Black%20Hat%20(1993)
391,Last Action Hero (1993),01-Jan-1993,http://us.imdb.com/M/title-exact?Last%20Action%20Hero%20(1993)
393,Mrs. Doubtfire (1993),01-Jan-1993,http://us.imdb.com/M/title-exact?Mrs.%20Doubtfire%20(1993)
394,Radioland Murders (1994),01-Jan-1994,http://us.imdb.com/M/title-exact?Radioland%20Murders%20(1994)
395,Robin Hood: Men in Tights (1993),01-Jan-1993,http://us.imdb.com/M/title-exact?Robin%20Hood:%20Men%20in%20Tights%20(1993)
396,Serial Mom (1994),01-Jan-1994,http://us.imdb.com/M/title-exact?Serial%20Mom%20(1994)
399,Three Musketeers\, The (1993),01-Jan-1993,http://us.imdb.com/M/title-exact?Three%20Musketeers\,%20The%20(1993)
400,Little Rascals\, The (1994),01-Jan-1994,http://us.imdb.com/M/title-exact?Little%20Rascals\,%20The%20(1994)
401,Brady Bunch Movie\, The (1995),01-Jan-1995,http://us.imdb.com/M/title-exact?Brady%20Bunch%20Movie\,%20The%20(1995)
402,Ghost (1990),01-Jan-1990,http://us.imdb.com/M/title-exact?Ghost%20(1990)
407,Spy Hard (1996),24-May-1996,http://us.imdb.com/M/title-exact?Spy%20Hard%20(1996)
408,Close Shave\, A (1995),28-Apr-1996,http://us.imdb.com/M/title-exact?Close%20Shave\,%20A%20(1995)
409,Jack (1996),07-Aug-1996,http://us.imdb.com/M/title-exact?Jack%20(1996)
410,Kingpin (1996),12-Jul-1996,http://us.imdb.com/M/title-exact?Kingpin%20(1996)
411,Nutty Professor\, The (1996),28-Jun-1996,http://us.imdb.com/M/title-exact?Nutty%20Professor\,%20The%20(1996)
412,Very Brady Sequel\, A (1996),23-Aug-1996,http://us.imdb.com/M/title-exact?Very%20Brady%20Sequel\,%20A%20(1996)
414,My Favorite Year (1982),01-Jan-1982,http://us.imdb.com/M/title-exact?My%20Favorite%20Year%20(1982)
415,Apple Dumpling Gang\, The (1975),01-Jan-1975,http://us.imdb.com/M/title-exact?Apple%20Dumpling%20Gang\,%20The%20(1975)
419,Mary Poppins (1964),01-Jan-1964,http://us.imdb.com/M/title-exact?Mary%20Poppins%20(1964)
422,Aladdin and the King of Thieves (1996),01-Jan-1996,http://us.imdb.com/M/title-exact?Aladdin%20and%20the%20King%20of%20Thieves%20(1996)%20(V)
425,Bob Roberts (1992),01-Jan-1992,http://us.imdb.com/M/title-exact?Bob%20Roberts%20(1992)
428,Harold and Maude (1971),01-Jan-1971,http://us.imdb.com/M/title-exact?Harold%20and%20Maude%20(1971)
430,Duck Soup (1933),01-Jan-1933,http://us.imdb.com/M/title-exact?Duck%20Soup%20(1933)
433,Heathers (1989),01-Jan-1989,http://us.imdb.com/M/title-exact?Heathers%20(1989)
435,Butch Cassidy and the Sundance Kid (1969),01-Jan-1969,http://us.imdb.com/M/title-exact?Butch%20Cassidy%20and%20the%20Sundance%20Kid%20(1969)
451,Grease (1978),01-Jan-1978,http://us.imdb.com/M/title-exact?Grease%20(1978)
456,Beverly Hills Ninja (1997),17-Jan-1997,http://us.imdb.com/M/title-exact?Beverly%20Hills%20Ninja%20(1997)
476,First Wives Club\, The (1996),14-Sep-1996,http://us.imdb.com/M/title-exact?First%20Wives%20Club\,%20The%20(1996)
477,Matilda (1996),02-Aug-1996,http://us.imdb.com/M/title-exact?Matilda%20(1996)
478,Philadelphia Story\, The (1940),01-Jan-1940,http://us.imdb.com/M/title-exact?Philadelphia%20Story\,%20The%20(1940)
480,North by Northwest (1959),01-Jan-1959,http://us.imdb.com/M/title-exact?North%20by%20Northwest%20(1959)
481,Apartment\, The (1960),01-Jan-1960,http://us.imdb.com/M/title-exact?Apartment\,%20The%20(1960)
482,Some Like It Hot (1959),01-Jan-1959,http://us.imdb.com/M/title-exact?Some%20Like%20It%20Hot%20(1959)
486,Sabrina (1954),01-Jan-1954,http://us.imdb.com/M/title-exact?Sabrina%20(1954)
487,Roman Holiday (1953),01-Jan-1953,http://us.imdb.com/M/title-exact?Roman%20Holiday%20(1953)
490,To Catch a Thief (1955),01-Jan-1955,http://us.imdb.com/M/title-exact?To%20Catch%20a%20Thief%20(1955)
494,His Girl Friday (1940),01-Jan-1940,http://us.imdb.com/M/title-exact?His%20Girl%20Friday%20(1940)
495,Around the World in 80 Days (1956),01-Jan-1956,http://us.imdb.com/M/title-exact?Around%20the%20World%20in%2080%20Days%20(1956)
497,Bringing Up Baby (1938),01-Jan-1938,http://us.imdb.com/M/title-exact?Bringing%20Up%20Baby%20(1938)
502,Bananas (1971),01-Jan-1971,http://us.imdb.com/M/title-exact?Bananas%20(1971)
512,Wings of Desire (1987),01-Jan-1987,http://us.imdb.com/Title?Himmel+%FCber+Berlin\,+Der+(1987)
514,Annie Hall (1977),01-Jan-1977,http://us.imdb.com/M/title-exact?Annie%20Hall%20(1977)
516,Local Hero (1983),01-Jan-1983,http://us.imdb.com/M/title-exact?Local%20Hero%20(1983)
517,Manhattan (1979),01-Jan-1979,http://us.imdb.com/M/title-exact?Manhattan%20(1979)
522,Down by Law (1986),01-Jan-1986,http://us.imdb.com/M/title-exact?Down%20by%20Law%20(1986)
523,Cool Hand Luke (1967),01-Jan-1967,http://us.imdb.com/M/title-exact?Cool%20Hand%20Luke%20(1967)
524,Great Dictator\, The (1940),01-Jan-1940,http://us.imdb.com/M/title-exact?Great%20Dictator\,%20The%20(1940)
535,Addicted to Love (1997),23-May-1997,http://us.imdb.com/M/title-exact?Addicted%20to%20Love%20%281997%29
539,Mouse Hunt (1997),01-Jan-1997,http://us.imdb.com/M/title-exact?imdb-title-119715
545,Vampire in Brooklyn (1995),01-Jan-1995,http://us.imdb.com/M/title-exact?Vampire%20in%20Brooklyn%20(1995)
560,Kid in King Arthur's Court\, A (1995),01-Jan-1995,http://us.imdb.com/M/title-exact?Kid%20in%20King%20Arthur's%20Court\,%20A%20(1995)
564,Tales from the Hood (1995),01-Jan-1995,http://us.imdb.com/M/title-exact?Tales%20from%20the%20Hood%20(1995)
571,Another Stakeout (1993),01-Jan-1993,http://us.imdb.com/M/title-exact?Another%20Stakeout%20(1993)
575,City Slickers II: The Legend of Curly's Gold (1994),01-Jan-1994,http://us.imdb.com/M/title-exact?City%20Slickers%20II:%20The%20Legend%20of%20Curly's%20Gold%20(1994)
577,Coneheads (1993),01-Jan-1993,http://us.imdb.com/M/title-exact?Coneheads%20(1993)
579,Fatal Instinct (1993),01-Jan-1993,http://us.imdb.com/M/title-exact?Fatal%20Instinct%20(1993)
580,Englishman Who Went Up a Hill\, But Came Down a Mountain\, The (1995),01-Jan-1995,http://us.imdb.com/M/title-exact?Englishman%20Who%20Went%20Up%20a%20Hill\,%20But%20Came%20Down%20a%20Mountain\,%20The%20(1995)
585,Son in Law (1993),01-Jan-1993,http://us.imdb.com/M/title-exact?Son%20in%20Law%20(1993)
598,Big Squeeze\, The (1996),06-Sep-1996,http://us.imdb.com/M/title-exact?Big%20Squeeze\,%20The%20(1996)
604,It Happened One Night (1934),01-Jan-1934,http://us.imdb.com/M/title-exact?It%20Happened%20One%20Night%20(1934)
609,Father of the Bride (1950),01-Jan-1950,http://us.imdb.com/M/title-exact?Father%20of%20the%20Bride%20(1950)
613,My Man Godfrey (1936),01-Jan-1936,http://us.imdb.com/M/title-exact?My%20Man%20Godfrey%20(1936)
623,Angels in the Outfield (1994),01-Jan-1994,http://us.imdb.com/M/title-exact?Angels%20in%20the%20Outfield%20(1994)
629,Victor/Victoria (1982),01-Jan-1982,http://us.imdb.com/M/title-exact?Victor/Victoria%20%281982%29
630,Great Race\, The (1965),01-Jan-1965,http://us.imdb.com/M/title-exact?Great%20Race\,%20The%20(1965)
637,Howling\, The (1981),01-Jan-1981,http://us.imdb.com/M/title-exact?Howling\,%20The%20(1981)
648,Quiet Man\, The (1952),01-Jan-1952,http://us.imdb.com/M/title-exact?Quiet%20Man\,%20The%20(1952)
652,Rosencrantz and Guildenstern Are Dead (1990),01-Jan-1990,http://us.imdb.com/M/title-exact?Rosencrantz%20and%20Guildenstern%20Are%20Dead%20(1990)
655,Stand by Me (1986),01-Jan-1986,http://us.imdb.com/M/title-exact?Stand%20by%20Me%20(1986)
659,Arsenic and Old Lace (1944),01-Jan-1944,http://us.imdb.com/M/title-exact?Arsenic%20and%20Old%20Lace%20(1944)
663,Being There (1979),01-Jan-1979,http://us.imdb.com/M/title-exact?Being%20There%20(1979)
683,Rocket Man (1997),01-Jan-1997,http://us.imdb.com/M/title-exact?Rocket+Man+(1997)
687,McHale's Navy (1997),18-Apr-1997,http://us.imdb.com/M/title-exact?McHale's%20Navy%20(1997)
688,Leave It to Beaver (1997),22-Aug-1997,http://us.imdb.com/M/title-exact?Leave+It+To+Beaver+(1997)
692,American President\, The (1995),01-Jan-1995,http://us.imdb.com/M/title-exact?American%20President\,%20The%20(1995)
695,Kicking and Screaming (1995),01-Jan-1995,http://us.imdb.com/M/title-exact?Kicking%20and%20Screaming%20(1995)
700,Miami Rhapsody (1995),01-Jan-1995,http://us.imdb.com/M/title-exact?Miami%20Rhapsody%20(1995)
702,Barcelona (1994),01-Jan-1994,http://us.imdb.com/M/title-exact?Barcelona%20(1994)
709,Strictly Ballroom (1992),01-Jan-1992,http://us.imdb.com/M/title-exact?Strictly%20Ballroom%20(1992)
710,Better Off Dead... (1985),01-Jan-1985,http://us.imdb.com/Title?Better+Off+Dead...+(1985)
712,Tin Men (1987),01-Jan-1987,http://us.imdb.com/M/title-exact?Tin%20Men%20(1987)
715,To Die For (1995),01-Jan-1995,http://us.imdb.com/M/title-exact?To%20Die%20For%20(1995)
718,In the Bleak Midwinter (1995),23-Feb-1996,http://us.imdb.com/M/title-exact?In%20the%20Bleak%20Midwinter%20(1995)
719,Canadian Bacon (1994),01-Jan-1994,http://us.imdb.com/M/title-exact?Canadian%20Bacon%20(1994)
721,Mallrats (1995),01-Jan-1995,http://us.imdb.com/M/title-exact?Mallrats%20(1995)
722,Nine Months (1995),01-Jan-1995,http://us.imdb.com/M/title-exact?Nine%20Months%20(1995)
723,Boys on the Side (1995),01-Jan-1995,http://us.imdb.com/M/title-exact?Boys%20on%20the%20Side%20(1995)
725,Exit to Eden (1994),01-Jan-1994,http://us.imdb.com/M/title-exact?Exit%20to%20Eden%20(1994)
728,Junior (1994),01-Jan-1994,http://us.imdb.com/M/title-exact?Junior%20(1994)
731,Corrina\, Corrina (1994),01-Jan-1994,http://us.imdb.com/M/title-exact?Corrina\,%20Corrina%20(1994)
732,Dave (1993),01-Jan-1993,http://us.imdb.com/M/title-exact?Dave%20(1993)
734,Made in America (1993),01-Jan-1993,http://us.imdb.com/M/title-exact?Made%20in%20America%20(1993)
737,Sirens (1994),01-Jan-1994,http://us.imdb.com/M/title-exact?Sirens%20(1994)
738,Threesome (1994),01-Jan-1994,http://us.imdb.com/M/title-exact?Threesome%20(1994)
739,Pretty Woman (1990),01-Jan-1990,http://us.imdb.com/M/title-exact?Pretty%20Woman%20(1990)
745,Ruling Class\, The (1972),01-Jan-1972,http://us.imdb.com/M/title-exact?Ruling%20Class\,%20The%20(1972)
746,Real Genius (1985),01-Jan-1985,http://us.imdb.com/M/title-exact?Real%20Genius%20(1985)
747,Benny & Joon (1993),01-Jan-1993,http://us.imdb.com/M/title-exact?Benny%20&%20Joon%20(1993)
749,MatchMaker\, The (1997),01-Jan-1997,http://us.imdb.com/M/title-exact?Matchmaker%2C+The+(1997)
756,Father of the Bride Part II (1995),01-Jan-1995,http://us.imdb.com/M/title-exact?Father%20of%20the%20Bride%20Part%20II%20(1995)
763,Happy Gilmore (1996),16-Feb-1996,http://us.imdb.com/M/title-exact?Happy%20Gilmore%20(1996)
764,If Lucy Fell (1996),08-Mar-1996,http://us.imdb.com/M/title-exact?If%20Lucy%20Fell%20(1996)
765,Boomerang (1992),01-Jan-1992,http://us.imdb.com/M/title-exact?Boomerang%20(1992)
775,Something to Talk About (1995),01-Jan-1995,http://us.imdb.com/M/title-exact?Something%20to%20Talk%20About%20(1995)
778,Don Juan DeMarco (1995),01-Jan-1995,http://us.imdb.com/M/title-exact?Don%20Juan%20DeMarco%20and%20the%20Centerfold%20(1995)
780,Dumb & Dumber (1994),01-Jan-1994,http://us.imdb.com/M/title-exact?Dumb%20&%20Dumber%20(1994)
781,French Kiss (1995),01-Jan-1995,http://us.imdb.com/M/title-exact?French%20Kiss%20(1995)
783,Milk Money (1994),01-Jan-1994,http://us.imdb.com/M/title-exact?Milk%20Money%20(1994)
785,Only You (1994),01-Jan-1994,http://us.imdb.com/M/title-exact?Only%20You%20(1994)
786,Perez Family\, The (1995),01-Jan-1995,http://us.imdb.com/M/title-exact?Perez%20Family\,%20The%20(1995)
787,Roommates (1995),01-Jan-1995,http://us.imdb.com/M/title-exact?Roommates%20(1995)
789,Swimming with Sharks (1995),01-Jan-1995,http://us.imdb.com/M/title-exact?Swimming%20with%20Sharks%20(1995)
790,Tommy Boy (1995),01-Jan-1995,http://us.imdb.com/M/title-exact?Tommy%20Boy%20(1995)
792,Bullets Over Broadway (1994),01-Jan-1994,http://us.imdb.com/M/title-exact?Bullets%20Over%20Broadway%20(1994)
793,Crooklyn (1994),01-Jan-1994,http://us.imdb.com/M/title-exact?Crooklyn%20(1994)
795,Richie Rich (1994),01-Jan-1994,http://us.imdb.com/M/title-exact?Richie%20Rich%20(1994)
796,Speechless (1994),01-Jan-1994,http://us.imdb.com/M/title-exact?Speechless%20(1994)
801,Air Up There\, The (1994),01-Jan-1994,http://us.imdb.com/M/title-exact?Air%20Up%20There\,%20The%20(1994)
804,Jimmy Hollywood (1994),01-Jan-1994,http://us.imdb.com/M/title-exact?Jimmy%20Hollywood%20(1994)
805,Manhattan Murder Mystery (1993),01-Jan-1993,http://us.imdb.com/M/title-exact?Manhattan%20Murder%20Mystery%20(1993)
818,Girl 6 (1996),22-Mar-1996,http://us.imdb.com/M/title-exact?Girl%206%20(1996)
819,Eddie (1996),31-May-1996,http://us.imdb.com/M/title-exact?Eddie%20(1996)
820,Space Jam (1996),15-Nov-1996,http://us.imdb.com/M/title-exact?Space%20Jam%20(1996)
821,Mrs. Winterbourne (1996),19-Apr-1996,http://us.imdb.com/M/title-exact?Mrs.%20Winterbourne%20(1996)
824,Great White Hype\, The (1996),03-May-1996,http://us.imdb.com/M/title-exact?Great%20White%20Hype\,%20The%20(1996)
835,Gay Divorcee\, The (1934),01-Jan-1934,http://us.imdb.com/M/title-exact?Gay%20Divorcee%2C%20The%20%281934%29
836,Ninotchka (1939),01-Jan-1939,http://us.imdb.com/M/title-exact?Ninotchka%20(1939)
842,Pollyanna (1960),01-Jan-1960,http://us.imdb.com/M/title-exact?Pollyanna%20(1960)
843,Shaggy Dog\, The (1959),01-Jan-1959,http://us.imdb.com/M/title-exact?Shaggy%20Dog\,%20The%20(1959)
845,That Thing You Do! (1996),28-Sep-1996,http://us.imdb.com/M/title-exact?That%20Thing%20You%20Do!%20(1996)
853,Braindead (1992),01-Jan-1992,http://us.imdb.com/M/title-exact?Braindead%20(1992)
854,Bad Taste (1987),01-Jan-1987,http://us.imdb.com/M/title-exact?Bad%20Taste%20(1987)
856,Night on Earth (1991),01-Jan-1991,http://us.imdb.com/M/title-exact?Night%20on%20Earth%20(1991)
859,April Fool's Day (1986),01-Jan-1986,http://us.imdb.com/M/title-exact?April%20Fool's%20Day%20(1986)
862,Jingle All the Way (1996),22-Nov-1996,http://us.imdb.com/M/title-exact?Jingle%20All%20the%20Way%20(1996)
864,My Fellow Americans (1996),20-Dec-1996,http://us.imdb.com/M/title-exact?My%20Fellow%20Americans%20(1996)
866,Michael (1996),25-Dec-1996,http://us.imdb.com/M/title-exact?Michael%20(1996)
869,Fools Rush In (1997),14-Feb-1997,http://us.imdb.com/M/title-exact?Fools%20Rush%20In%20(1997)
871,Vegas Vacation (1997),14-Feb-1997,http://us.imdb.com/M/title-exact?Vegas%20Vacation%20(1997)
873,Picture Perfect (1997),01-Aug-1997,http://us.imdb.com/M/title-exact?Picture+Perfect+(1997)
876,Money Talks (1997),22-Aug-1997,http://us.imdb.com/M/title-exact?Money+Talks+(1997)
878,That Darn Cat! (1997),14-Feb-1997,http://us.imdb.com/M/title-exact?That%20Darn%20Cat%20(1997)
881,Money Talks (1997),22-Aug-1997,http://us.imdb.com/M/title-exact?Money+Talks+(1997)
892,Flubber (1997),01-Jan-1997,http://us.imdb.com/M/title-exact?imdb-title-119137
893,For Richer or Poorer (1997),01-Jan-1997,http://us.imdb.com/M/title-exact?imdb-title-119142
894,Home Alone 3 (1997),01-Jan-1997,http://us.imdb.com/M/title-exact?imdb-title-119303
901,Mr. Magoo (1997),25-Dec-1997,http://us.imdb.com/M/title-exact?imdb-title-119718
902,Big Lebowski\, The (1998),26-Dec-1997,http://us.imdb.com/M/title-exact?imdb-title-118715
904,Ma vie en rose (My Life in Pink) (1997),26-Dec-1997,http://us.imdb.com/M/title-exact?imdb-title-119590
907,Vermin (1998),01-Jan-1997,http://us.imdb.com/M/title-exact?imdb-title-120881
908,Half Baked (1998),16-Jan-1998,http://us.imdb.com/M/title-exact?imdb-title-120693
913,Love and Death on Long Island (1997),10-Mar-1998,http://us.imdb.com/Title?Love+and+Death+on+Long+Island+(1997)
926,Down Periscope (1996),01-Mar-1996,http://us.imdb.com/M/title-exact?Down%20Periscope%20(1996)
929,Harriet the Spy (1996),03-Jul-1996,http://us.imdb.com/M/title-exact?Harriet%20the%20Spy%20(1996)
932,First Kid (1996),30-Aug-1996,http://us.imdb.com/M/title-exact?First%20Kid%20(1996)
936,Brassed Off (1996),13-Jun-1997,http://us.imdb.com/M/title-exact?Brassed%20Off%20%281996%29
938,Smile Like Yours\, A (1997),01-Jan-1997,http://us.imdb.com/M/title-exact?Smile+Like+Yours%2C+A+(1997)
940,Airheads (1994),01-Jan-1994,http://us.imdb.com/M/title-exact?Airheads%20(1994)
941,With Honors (1994),01-Jan-1994,http://us.imdb.com/M/title-exact?With%20Honors%20(1994)
944,Renaissance Man (1994),01-Jan-1994,http://us.imdb.com/M/title-exact?Renaissance%20Man%20(1994)
945,Charade (1963),01-Jan-1963,http://us.imdb.com/M/title-exact?Charade%20(1963)
948,Booty Call (1997),28-Feb-1997,http://us.imdb.com/M/title-exact?Booty%20Call%20(1997)
952,Blue in the Face (1995),01-Jan-1995,http://us.imdb.com/M/title-exact?Blue%20in%20the%20Face%20(1995)
953,Unstrung Heroes (1995),01-Jan-1995,http://us.imdb.com/M/title-exact?Unstrung%20Heroes%20(1995)
957,Pushing Hands (1992),01-Jan-1992,http://us.imdb.com/M/title-exact?Tui%20Shou%20(1992)
959,Dazed and Confused (1993),01-Jan-1993,http://us.imdb.com/M/title-exact?Dazed%20and%20Confused%20(1993)
964,Month by the Lake\, A (1995),01-Jan-1995,http://us.imdb.com/M/title-exact?Month%20by%20The%20Lake\,%20A%20(1995)
965,Funny Face (1957),01-Jan-1957,http://us.imdb.com/M/title-exact?Funny%20Face%20(1957)
970,Hear My Song (1991),01-Jan-1991,http://us.imdb.com/M/title-exact?Hear%20My%20Song%20(1991)
971,Mediterraneo (1991),01-Jan-1991,http://us.imdb.com/M/title-exact?Mediterraneo%20(1991)
988,Beautician and the Beast\, The (1997),07-Feb-1997,http://us.imdb.com/M/title-exact?Beautician%20and%20the%20Beast\,%20The%20(1997)
992,Head Above Water (1996),20-Jun-1997,http://us.imdb.com/M/title-exact?Head+Above+Water+(1996)
993,Hercules (1997),27-Jun-1997,http://us.imdb.com/M/title-exact?Hercules+(1997)
995,Kiss Me\, Guido (1997),01-Jan-1997,http://us.imdb.com/M/title-exact?Kiss+Me%2C+Guido+(1997)
996,Big Green\, The (1995),01-Jan-1995,http://us.imdb.com/M/title-exact?Big%20Green\,%20The%20(1995)
997,Stuart Saves His Family (1995),01-Jan-1995,http://us.imdb.com/M/title-exact?Stuart%20Saves%20His%20Family%20(1995)
998,Cabin Boy (1994),01-Jan-1994,http://us.imdb.com/M/title-exact?Cabin%20Boy%20(1994)
999,Clean Slate (1994),01-Jan-1994,http://us.imdb.com/M/title-exact?Clean%20Slate%20(1994)
1000,Lightning Jack (1994),01-Jan-1994,http://us.imdb.com/M/title-exact?Lightning%20Jack%20(1994)
1001,Stupids\, The (1996),30-Aug-1996,http://us.imdb.com/M/title-exact?Stupids\,%20The%20(1996)
1002,Pest\, The (1997),07-Feb-1997,http://us.imdb.com/M/title-exact?Pest\,%20The%20(1997)
1003,That Darn Cat! (1997),14-Feb-1997,http://us.imdb.com/M/title-exact?That%20Darn%20Cat%20(1997)
1007,Waiting for Guffman (1996),31-Jan-1997,http://us.imdb.com/M/title-exact?Waiting%20for%20Guffman%20(1996)
1012,Private Parts (1997),07-Mar-1997,http://us.imdb.com/M/title-exact?Private%20Parts%20(1997)
1014,Romy and Michele's High School Reunion (1997),25-Apr-1997,http://us.imdb.com/M/title-exact?Romy%20and%20Michele%27s%20High%20School%20Reunion%20%281997%29
1023,Fathers' Day (1997),09-May-1997,http://us.imdb.com/M/title-exact?Fathers%27%20Day%20%281997%29
1026,Lay of the Land\, The (1997),01-Jan-1997,http://us.imdb.com/M/title-exact?Lay+of+the+Land%2C+The+(1997)
1028,Grumpier Old Men (1995),01-Jan-1995,http://us.imdb.com/M/title-exact?Grumpier%20Old%20Men%20(1995)
1029,Jury Duty (1995),01-Jan-1995,http://us.imdb.com/M/title-exact?Jury%20Duty%20(1995)
1030,Beverly Hillbillies\, The (1993),01-Jan-1993,http://us.imdb.com/M/title-exact?Beverly%20Hillbillies\,%20The%20(1993)
1032,Little Big League (1994),01-Jan-1994,http://us.imdb.com/M/title-exact?Little%20Big%20League%20(1994)
1035,Cool Runnings (1993),01-Jan-1993,http://us.imdb.com/M/title-exact?Cool%20Runnings%20(1993)
1036,Drop Dead Fred (1991),01-Jan-1991,http://us.imdb.com/M/title-exact?Drop%20Dead%20Fred%20(1991)
1037,Grease 2 (1982),01-Jan-1982,http://us.imdb.com/M/title-exact?Grease%202%20(1982)
1040,Two if by Sea (1996),01-Jan-1996,http://us.imdb.com/M/title-exact?Two%20if%20by%20Sea%20(1996)
1041,Forget Paris (1995),01-Jan-1995,http://us.imdb.com/M/title-exact?Forget%20Paris%20(1995)
1043,Rent-a-Kid (1995),01-Jan-1995,http://us.imdb.com/M/title-exact?Rent-a-Kid%20(1995)
1044,Paper\, The (1994),01-Jan-1994,http://us.imdb.com/M/title-exact?Paper\,%20The%20(1994)
1047,Multiplicity (1996),12-Jul-1996,http://us.imdb.com/M/title-exact?Multiplicity%20(1996)
1048,She's the One (1996),23-Aug-1996,http://us.imdb.com/M/title-exact?She's%20the%20One%20(1996)
1049,House Arrest (1996),02-Aug-1996,http://us.imdb.com/Title?House+Arrest+(1996/I)
1051,Associate\, The (1996),19-Oct-1996,http://us.imdb.com/M/title-exact?Associate\,%20The%20(1996)
1052,Dracula: Dead and Loving It (1995),01-Jan-1995,http://us.imdb.com/M/title-exact?Dracula:%20Dead%20and%20Loving%20It%20(1995)
1054,Mr. Wrong (1996),16-Feb-1996,http://us.imdb.com/M/title-exact?Mr.%20Wrong%20(1996)
1057,Pallbearer\, The (1996),19-Apr-1996,http://us.imdb.com/M/title-exact?Pallbearer\,%20The%20(1996)
1059,Don't Be a Menace to South Central While Drinking Your Juice in the Hood (1996),01-Jan-1996,http://us.imdb.com/M/title-exact?Don't%20Be%20a%20Menace%20(1996)
1061,Evening Star\, The (1996),25-Dec-1996,http://us.imdb.com/M/title-exact?Evening%20Star\,%20The%20(1996)
1067,Bottle Rocket (1996),21-Feb-1996,http://us.imdb.com/M/title-exact?Bottle%20Rocket%20(1996)
1070,Living in Oblivion (1995),01-Jan-1995,http://us.imdb.com/M/title-exact?Living%20in%20Oblivion%20(1995)
1071,Party Girl (1995),01-Jan-1995,http://us.imdb.com/Title?Party+Girl+(1995/I)
1072,Pyromaniac's Love Story\, A (1995),01-Jan-1995,http://us.imdb.com/M/title-exact?Pyromaniac's%20Love%20Story\,%20A%20(1995)
1074,Reality Bites (1994),01-Jan-1994,http://us.imdb.com/M/title-exact?Reality%20Bites%20(1994)
1079,Joe's Apartment (1996),26-Jul-1996,http://us.imdb.com/M/title-exact?Joe's%20Apartment%20(1996)
1080,Celestial Clockwork (1994),12-Jul-1996,http://us.imdb.com/Title?Cort%E1zar+(1994)
1092,Dear God (1996),01-Nov-1996,http://us.imdb.com/M/title-exact?Dear%20God%20(1996)
1093,Live Nude Girls (1995),01-Mar-1996,http://us.imdb.com/M/title-exact?Live%20Nude%20Girls%20(1995)
1094,Thin Line Between Love and Hate\, A (1996),03-Apr-1996,http://us.imdb.com/M/title-exact?Thin%20Line%20Between%20Love%20and%20Hate\,%20A%20(1996)
1095,High School High (1996),25-Oct-1996,http://us.imdb.com/M/title-exact?High%20School%20High%20(1996)
1098,Flirting With Disaster (1996),22-Mar-1996,http://us.imdb.com/M/title-exact?Flirting%20With%20Disaster%20(1996)
1100,What Happened Was... (1994),01-Jan-1994,http://us.imdb.com/M/title-exact?What%20Happened%20Was...%20(1994)
1102,Two Much (1996),01-Jan-1996,http://us.imdb.com/M/title-exact?Two%20Much%20(1996)
1103,Trust (1990),01-Jan-1990,http://us.imdb.com/Title?Trust+(1990)
1104,C'est arrivé près de chez vous (1992),01-Jan-1992,http://us.imdb.com/M/title-exact?C%27est%20arriv%E9%20pr%E8s%20de%20chez%20vous%20%281992%29
1110,Tank Girl (1995),01-Jan-1995,http://us.imdb.com/M/title-exact?Tank%20Girl%20(1995)
1114,Faithful (1996),03-Apr-1996,http://us.imdb.com/M/title-exact?Faithful%20(1996)
1115,Twelfth Night (1996),25-Oct-1996,http://us.imdb.com/M/title-exact?Twelfth%20Night:%20Or%20What%20You%20Will%20(1996)
1118,Up in Smoke (1978),01-Jan-1978,http://us.imdb.com/M/title-exact?Up%20in%20Smoke%20(1978)
1120,I'm Not Rappaport (1996),13-Nov-1996,http://us.imdb.com/M/title-exact?I'm%20Not%20Rappaport%20(1996)
1138,Best Men (1997),01-Sep-1997,http://us.imdb.com/M/title-exact/Independence%20(1997)
1140,Road to Wellville\, The (1994),01-Jan-1994,http://us.imdb.com/M/title-exact?Road%20to%20Wellville\,%20The%20(1994)
1155,Rendezvous in Paris (Rendez-vous de Paris\, Les) (1995),28-Jun-1996,http://us.imdb.com/M/title-exact?Rendez-vous%20de%20Paris\,%20Les%20(1995)
1162,Phat Beach (1996),02-Aug-1996,http://us.imdb.com/M/title-exact?Phat%20Beach%20(1996)
1165,Big Bully (1996),01-Jan-1996,http://us.imdb.com/M/title-exact?Big%20Bully%20(1996)
1166,Love & Human Remains (1993),01-Jan-1993,http://us.imdb.com/M/title-exact?Love%20&%20Human%20Remains%20(1993)
1167,Sum of Us\, The (1994),01-Jan-1994,http://us.imdb.com/M/title-exact?Sum%20of%20Us\,%20The%20(1994)
1170,Spanking the Monkey (1994),01-Jan-1994,http://us.imdb.com/M/title-exact?Spanking%20the%20Monkey%20(1994)
1172,Women\, The (1939),01-Jan-1939,http://us.imdb.com/M/title-exact?Women\,%20The%20(1939)
1177,Dunston Checks In (1996),01-Jan-1996,http://us.imdb.com/M/title-exact?Dunston%20Checks%20In%20(1996)
1178,Major Payne (1994),01-Jan-1994,http://us.imdb.com/M/title-exact?Major%20Payne%20(1994)
1179,Man of the House (1995),01-Jan-1995,http://us.imdb.com/M/title-exact?Man%20of%20the%20House%20(1995)
1180,I Love Trouble (1994),01-Jan-1994,http://us.imdb.com/M/title-exact?I%20Love%20Trouble%20(1994)
1181,Low Down Dirty Shame\, A (1994),01-Jan-1994,http://us.imdb.com/M/title-exact?Low%20Down%20Dirty%20Shame\,%20A%20(1994)
1182,Cops and Robbersons (1994),01-Jan-1994,http://us.imdb.com/M/title-exact?Cops%20and%20Robbersons%20(1994)
1183,Cowboy Way\, The (1994),01-Jan-1994,http://us.imdb.com/M/title-exact?Cowboy%20Way\,%20The%20(1994)
1185,In the Army Now (1994),01-Jan-1994,http://us.imdb.com/M/title-exact?In%20the%20Army%20Now%20(1994)
1186,Inkwell\, The (1994),01-Jan-1994,http://us.imdb.com/M/title-exact?Inkwell\,%20The%20(1994)
1188,Young Guns II (1990),01-Jan-1990,http://us.imdb.com/M/title-exact?Young%20Guns%20II%20(1990)
1190,That Old Feeling (1997),04-Apr-1997,http://us.imdb.com/M/title-exact?That%20Old%20Feeling%20(1997)
1197,Family Thing\, A (1996),23-Mar-1996,http://us.imdb.com/M/title-exact?Family%20Thing\,%20A%20(1996)
1199,Cemetery Man (Dellamorte Dellamore) (1994),12-Apr-1996,http://us.imdb.com/M/title-exact?Dellamorte%20Dellamore%20(1994)
1202,Maybe\, Maybe Not (Bewegte Mann\, Der) (1994),19-Jul-1996,http://us.imdb.com/M/title-exact?Bewegte%20Mann\,%20Der%20(1994)
1203,Top Hat (1935),01-Jan-1935,http://us.imdb.com/M/title-exact?Top%20Hat%20(1935)
1204,To Be or Not to Be (1942),01-Jan-1942,http://us.imdb.com/M/title-exact?To%20Be%20or%20Not%20to%20Be%20(1942)
1206,Amos & Andrew (1993),01-Jan-1993,http://us.imdb.com/M/title-exact?Amos%20&%20Andrew%20(1993)
1209,Mixed Nuts (1994),01-Jan-1994,http://us.imdb.com/M/title-exact?Mixed%20Nuts%20(1994)
1218,Friday (1995),01-Jan-1995,http://us.imdb.com/M/title-exact?Friday%20(1995)
1219,Goofy Movie\, A (1995),01-Jan-1995,http://us.imdb.com/M/title-exact?Goofy%20Movie\,%20A%20(1995)
1225,Angus (1995),01-Jan-1995,http://us.imdb.com/M/title-exact?Angus%20(1995)
1230,Ready to Wear (Pret-A-Porter) (1994),01-Jan-1994,http://us.imdb.com/Title?Pr%EAt-%E0-Porter+(1994)
1234,Chairman of the Board (1998),01-Jan-1998,http://us.imdb.com/Title?Chairman+of+the+Board+(1998)
1237,Twisted (1996),01-Jan-1996,http://us.imdb.com/M/title-exact?imdb-title-117994
1241,Van\, The (1996),27-Jun-1997,http://us.imdb.com/M/title-exact?Van%2C%20The%20(1996)
1242,Old Lady Who Walked in the Sea\, The (Vieille qui marchait dans la mer\, La) (1991),01-Jan-1991,http://us.imdb.com/M/title-exact?Vieille%20qui%20marchait%20dans%20la%20mer\,%20La%20(1991)
1246,Bushwhacked (1995),01-Jan-1995,http://us.imdb.com/Title?Bushwhacked+(1995/I)
1249,For Love or Money (1993),01-Jan-1993,http://us.imdb.com/M/title-exact?For%20Love%20or%20Money%20(1993)
1251,A Chef in Love (1996),25-Apr-1997,http://us.imdb.com/M/title-exact?Mille%20et%20une%20recettes%20du%20cuisinier%20amoureux%2C%20Les%20%281996%29
1254,Gone Fishin' (1997),30-May-1997,http://us.imdb.com/M/title-exact?Gone%20Fishin'%20(1997)
1258,Trial and Error (1997),30-May-1997,http://us.imdb.com/M/title-exact?Trial%20and%20Error%20%281997%29
1259,Pie in the Sky (1995),09-Feb-1996,http://us.imdb.com/M/title-exact?Pie%20in%20the%20Sky%20(1995)
1269,Love in the Afternoon (1957),01-Jan-1957,http://us.imdb.com/M/title-exact?Love%20in%20the%20Afternoon%20(1957)
1270,Life with Mikey (1993),01-Jan-1993,http://us.imdb.com/M/title-exact?Life%20with%20Mikey%20(1993)
1271,North (1994),01-Jan-1994,http://us.imdb.com/M/title-exact?North%20(1994)
1272,Talking About Sex (1994),01-Jan-1994,http://us.imdb.com/M/title-exact?Talking%20About%20Sex%20(1994)
1283,Out to Sea (1997),04-Jul-1997,http://us.imdb.com/M/title-exact?Out+to+Sea+(1997)
1286,Shall We Dance? (1937),01-Jan-1937,http://us.imdb.com/M/title-exact?Shall%20We%20Dance?%20(1937)
1287,Ed (1996),08-Mar-1996,http://us.imdb.com/M/title-exact?Ed%20(1996)
1288,Denise Calls Up (1995),29-Mar-1996,http://us.imdb.com/M/title-exact?Denise%20Calls%20Up%20(1995)
1291,Celtic Pride (1996),19-Apr-1996,http://us.imdb.com/M/title-exact?Celtic%20Pride%20(1996)
1295,Kicked in the Head (1997),01-Jan-1997,http://us.imdb.com/M/title-exact?Kicked+in+the+Head+(1997)
1296,Indian Summer (1996),01-Jan-1996,http://us.imdb.com/M/title-exact?Indian+Summer+(1996)
1298,Band Wagon\, The (1953),01-Jan-1953,http://us.imdb.com/M/title-exact?Band%20Wagon\,%20The%20(1953)
1301,Stripes (1981),01-Jan-1981,http://us.imdb.com/M/title-exact?Stripes+(1981)
1302,Late Bloomers (1996),06-Jun-1997,http://us.imdb.com/M/title-exact?Late%20Bloomers%20%281996%29
1305,National Lampoon's Senior Trip (1995),01-Jan-1995,http://us.imdb.com/M/title-exact?National%20Lampoon's%20Senior%20Trip%20(1995)
1308,Babyfever (1994),01-Jan-1994,http://us.imdb.com/M/title-exact?Babyfever%20(1994)
1311,Waiting to Exhale (1995),15-Jan-1996,http://us.imdb.com/M/title-exact?Waiting%20to%20Exhale%20(1995)
1312,Pompatus of Love\, The (1996),26-Jul-1996,http://us.imdb.com/M/title-exact?Pompatus%20of%20Love\,%20The%20(1996)
1321,Open Season (1996),10-May-1996,http://us.imdb.com/Title?Open+Season+(1996)
1322,Metisse (Café au Lait) (1993),01-Jan-1993,http://us.imdb.com/Title?M%E9tisse+(1993)
1333,Midnight Dancers (Sibak) (1994),01-Jan-1994,http://us.imdb.com/M/title-exact?Sibak%20(1994)
1336,Kazaam (1996),17-Jul-1996,http://us.imdb.com/M/title-exact?Kazaam%20(1996)
1337,Larger Than Life (1996),01-Nov-1996,http://us.imdb.com/M/title-exact?Larger%20Than%20Life%20(1996)
1339,Stefano Quantestorie (1993),01-Jan-1993,http://us.imdb.com/M/title-exact?Stefano%20Quantestorie%20%281993%29
1349,Mille bolle blu (1993),01-Jan-1993,http://us.imdb.com/M/title-exact?Mille%20bolle%20blu%20(1993)
1351,Lover's Knot (1996),12-Jul-1996,http://us.imdb.com/M/title-exact?Lover's%20Knot%20(1996)
1356,Ed's Next Move (1996),04-Oct-1996,http://us.imdb.com/M/title-exact?Ed%27s%20Next%20Move%20%281996%29
1360,Sexual Life of the Belgians\, The (1994),01-Jan-1994,http://us.imdb.com/M/title-exact?Vie%20sexuelle%20des%20Belges\,%20La%20(1994)
1361,Search for One-eye Jimmy\, The (1996),01-Jan-1996,http://us.imdb.com/M/title-exact?Search%20for%20One-eye%20Jimmy\,%20The%20(1996)
1371,Machine\, The (1994),01-Jan-1994,http://us.imdb.com/M/title-exact?Machine\,%20La%20(1994)
1374,Falling in Love Again (1980),01-Jan-1980,http://us.imdb.com/M/title-exact?Falling%20in%20Love%20Again%20(1980)
1376,Meet Wally Sparks (1997),31-Jan-1997,http://us.imdb.com/M/title-exact?Meet%20Wally%20Sparks%20(1997)
1377,Hotel de Love (1996),07-Feb-1997,http://us.imdb.com/M/title-exact?Hotel%20de%20Love%20(1996)
1385,Roseanna's Grave (For Roseanna) (1997),20-Jun-1997,http://us.imdb.com/M/title-exact?Roseanna%27s+Grave+(1997)
1403,Caro Diario (Dear Diary) (1994),01-Jan-1994,http://us.imdb.com/M/title-exact?Caro%20diario%20(1994)
1404,Withnail and I (1987),01-Jan-1987,http://us.imdb.com/M/title-exact?Withnail%20and%20I%20(1987)
1408,Gordy (1995),01-Jan-1995,http://us.imdb.com/M/title-exact?Gordy%20(1995)
1420,Gilligan's Island: The Movie (1998),01-Jan-1997,http://us.imdb.com/M/title-exact?imdb-title-119195
1424,I Like It Like That (1994),01-Jan-1994,http://us.imdb.com/M/title-exact?I%20Like%20It%20Like%20That%20(1994)
1425,I'll Do Anything (1994),01-Jan-1994,http://us.imdb.com/M/title-exact?I'll%20Do%20Anything%20(1994)
1426,Grace of My Heart (1996),13-Sep-1996,http://us.imdb.com/M/title-exact?Grace%20of%20My%20Heart%20(1996)
1428,SubUrbia (1997),07-Feb-1997,http://us.imdb.com/M/title-exact?SubUrbia%20(1997)
1435,Steal Big\, Steal Little (1995),01-Jan-1995,http://us.imdb.com/M/title-exact?Steal%20Big\,%20Steal%20Little%20(1995)
1437,House Party 3 (1994),01-Jan-1994,http://us.imdb.com/M/title-exact?House%20Party%203%20(1994)
1444,That Darn Cat! (1965),01-Jan-1965,http://us.imdb.com/Title?That+Darn+Cat%21+(1965)
1446,Bye Bye\, Love (1995),01-Jan-1995,http://us.imdb.com/M/title-exact?Bye%20Bye\,%20Love%20(1995)
1452,Lady of Burlesque (1943),01-Jan-1943,http://us.imdb.com/M/title-exact?Lady%20of%20Burlesque%20(1943)
1456,Beat the Devil (1954),01-Jan-1954,http://us.imdb.com/M/title-exact?Beat%20the%20Devil%20(1954)
1457,Love Is All There Is (1996),11-Oct-1996,http://us.imdb.com/M/title-exact?Love%20Is%20All%20There%20Is%20(1996)
1458,Damsel in Distress\, A (1937),01-Jan-1937,http://us.imdb.com/M/title-exact?Damsel%20in%20Distress\,%20A%20(1937)
1460,Sleepover (1995),25-Oct-1996,http://us.imdb.com/M/title-exact?Sleepover%20(1995)
1461,Here Comes Cookie (1935),01-Jan-1935,http://us.imdb.com/M/title-exact?Here%20Comes%20Cookie%20(1935)
1463,Boys\, Les (1997),01-Jan-1997,http://us.imdb.com/M/title-exact?imdb-title-118764
1465,Last Summer in the Hamptons (1995),01-Jan-1995,http://us.imdb.com/M/title-exact?Last%20Summer%20in%20the%20Hamptons%20(1995)
1472,Visitors\, The (Visiteurs\, Les) (1993),19-Jul-1996,http://us.imdb.com/M/title-exact?Visiteurs\,%20Les%20(1993)
1474,Nina Takes a Lover (1994),01-Jan-1994,http://us.imdb.com/M/title-exact?Nina%20Takes%20a%20Lover%20(1994)
1475,Bhaji on the Beach (1993),01-Jan-1993,http://us.imdb.com/M/title-exact?Bhaji%20on%20the%20Beach%20(1993)
1479,Reckless (1995),01-Jan-1995,http://us.imdb.com/Title?Reckless+(1995/I)
1480,Herbie Rides Again (1974),01-Jan-1974,http://us.imdb.com/M/title-exact?Herbie%20Rides%20Again%20(1974)
1484,Jerky Boys\, The (1994),01-Jan-1994,http://us.imdb.com/M/title-exact?Jerky%20Boys\,%20The%20(1994)
1487,Even Cowgirls Get the Blues (1993),01-Jan-1993,http://us.imdb.com/M/title-exact?Even%20Cowgirls%20Get%20the%20Blues%20(1993)
1489,Chasers (1994),01-Jan-1994,http://us.imdb.com/M/title-exact?Chasers%20(1994)
1490,Fausto (1993),01-Jan-1993,http://us.imdb.com/M/title-exact?Fausto%20%281993%29
1492,Window to Paris (1994),01-Jan-1994,http://us.imdb.com/Title?Okno+v+Parizh+(1994)
1494,Mostro\, Il (1994),19-Apr-1996,http://us.imdb.com/M/title-exact?Mostro\,%20Il%20(1994)
1496,Carpool (1996),23-Aug-1996,http://us.imdb.com/M/title-exact?Carpool%20(1996)
1498,Farmer & Chase (1995),10-Jan-1997,http://us.imdb.com/M/title-exact?Farmer%20&%20Chase%20(1995)
1499,Grosse Fatigue (1994),01-Jan-1994,http://us.imdb.com/M/title-exact?Grosse%20fatigue%20(1994)
1500,Santa with Muscles (1996),08-Nov-1996,http://us.imdb.com/M/title-exact?Santa%20with%20Muscles%20(1996)
1502,Naked in New York (1994),01-Jan-1994,http://us.imdb.com/Title?Naked+in+New+York+(1994)
1504,Bewegte Mann\, Der (1994),12-Jul-1996,http://us.imdb.com/M/title-exact?Bewegte%20Mann%2C%20Der%20%281994%29
1507,Three Lives and Only One Death (1996),11-Oct-1996,http://us.imdb.com/M/title-exact?Trois%20vies%20et%20une%20seule%20mort%20(1996)
1509,Getting Even with Dad (1994),01-Jan-1994,http://us.imdb.com/M/title-exact?Getting%20Even%20with%20Dad%20(1994)
1511,Children of the Revolution (1996),01-May-1997,http://us.imdb.com/M/title-exact?Children%20of%20the%20Revolution%20%281996%29
1513,Sprung (1997),14-May-1997,http://us.imdb.com/M/title-exact?Sprung%20%281997%29
1521,Mr. Wonderful (1993),01-Jan-1993,http://us.imdb.com/M/title-exact?Mr.%20Wonderful%20(1993)
1525,Object of My Affection\, The (1998),20-Mar-1998,http://us.imdb.com/Title?Object+of+My+Affection\,+The+(1998)
1527,Senseless (1998),09-Jan-1998,http://us.imdb.com/M/title-exact?imdb-title-120820
1534,Twin Town (1997),30-May-1997,http://us.imdb.com/M/title-exact?Twin%20Town%20%281997%29
1537,Cosi (1996),11-Apr-1997,http://us.imdb.com/M/title-exact?Cosi%20(1996)
1544,It Takes Two (1995),01-Jan-1995,http://us.imdb.com/M/title-exact?It%20Takes%20Two%20(1995)
1550,Destiny Turns on the Radio (1995),01-Jan-1995,http://us.imdb.com/M/title-exact?Destiny%20Turns%20on%20the%20Radio%20(1995)
1557,Yankee Zulu (1994),16-Feb-1996,http://us.imdb.com/M/title-exact?Yankee%20Zulu%20(1994)
1567,Careful (1992),01-Jan-1992,http://us.imdb.com/M/title-exact?Careful%20(1992)
1568,Vermont Is For Lovers (1992),01-Jan-1992,http://us.imdb.com/M/title-exact?Vermont%20Is%20For%20Lovers%20(1992)
1569,Vie est belle\, La (Life is Rosey) (1987),01-Jan-1987,http://us.imdb.com/M/title-exact?Vie%20est%20belle\,%20La%20(1987)
1570,Quartier Mozart (1992),01-Jan-1992,http://us.imdb.com/M/title-exact?Quartier%20Mozart%20(1992)
1588,Salut cousin! (1996),21-Feb-1997,http://us.imdb.com/M/title-exact?Salut%20cousin!%20(1996)
1589,Schizopolis (1996),23-May-1997,http://us.imdb.com/Title?Schizopolis+(1996)
1593,Death in Brunswick (1991),16-Aug-1996,http://us.imdb.com/M/title-exact?Death%20in%20Brunswick%20(1991)
1600,Guantanamera (1994),16-May-1997,http://us.imdb.com/M/title-exact?Guantanamera%20(1994)
1605,Love Serenade (1996),11-Jul-1997,http://us.imdb.com/M/title-exact?Love+Serenade+(1996)
1609,B*A*P*S (1997),28-Mar-1997,http://us.imdb.com/M/title-exact?B%2EA%2EP%2ES%2E%20(1997)
1611,Intimate Relations (1996),09-May-1997,http://us.imdb.com/M/title-exact?Intimate%20Relations%20%281996%29
1614,Reluctant Debutante\, The (1958),01-Jan-1958,http://us.imdb.com/M/title-exact?Reluctant%20Debutante\,%20The%20(1958)
1620,Sixth Man\, The (1997),28-Mar-1997,http://us.imdb.com/M/title-exact?Sixth%20Man%2C%20The%20(1997)
1622,Paris\, France (1993),01-Jan-1993,http://us.imdb.com/M/title-exact?Paris\,%20France%20(1993)
1626,Nobody Loves Me (Keiner liebt mich) (1994),09-Feb-1996,http://us.imdb.com/M/title-exact?Keiner%20liebt%20mich%20(1994)
1627,Wife\, The (1995),26-Jul-1996,http://us.imdb.com/Title?Wife\,+The+(1995)
1631,Slingshot\, The (1993),01-Jan-1993,http://us.imdb.com/Title?K%E5disbellan+(1993)
1633,Á köldum klaka (Cold Fever) (1994),08-Mar-1996,http://us.imdb.com/Title?%C1+k%F6ldum+klaka+(1994)
1644,Sudden Manhattan (1996),13-Jun-1997,http://us.imdb.com/M/title-exact?Sudden%20Manhattan%20%281996%29
1647,Hana-bi (1997),20-Mar-1998,http://us.imdb.com/Title?Hana-bi+(1997)
1649,Big One\, The (1997),27-Mar-1998,http://us.imdb.com/Title?Big+One\,+The+(1997)
1654,Chairman of the Board (1998),01-Jan-1998,http://us.imdb.com/Title?Chairman+of+the+Board+(1998)
1655,Favor\, The (1994),01-Jan-1994,http://us.imdb.com/M/title-exact?Favor\,%20The%20(1994)
1656,Little City (1998),20-Feb-1998,http://us.imdb.com/M/title-exact?Little+City+(1998)
1659,Getting Away With Murder (1996),12-Apr-1996,http://us.imdb.com/Title?Getting+Away+With+Murder+(1996)
1664,8 Heads in a Duffel Bag (1997),18-Apr-1997,http://us.imdb.com/Title?8+Heads+in+a+Duffel+Bag+(1997)
1668,Wedding Bell Blues (1996),13-Jun-1997,http://us.imdb.com/M/title-exact?Wedding%20Bell%20Blues%20%281996%29
1670,Tainted (1998),01-Feb-1998,http://us.imdb.com/M/title-exact?Tainted+(1998)
1681,You So Crazy (1994),01-Jan-1994,http://us.imdb.com/M/title-exact?You%20So%20Crazy%20(1994)
